source,target,relation_count,relations,model_count,models,documents,example_evidence
Dave Dennis,Medgar Evers,5,associated_with; collaborated_with; connected_to; influenced_by; participated_in,3,arc_apex; arc_lite; qwen_plus,Intergenerational movement memoirs and the emotional costs of activist commitment,"I remember my last words with my friend Medgar, just one hour before he was gunned down in his yard || Dennis shares with his son the last words he spoke to Medgar Evers. [...] Returning Evers's car just hours before he was assassinated, Dennis teased him || the murder of his friend and mentor Medgar Evers || Dennis shares with his son the last words he spoke to Medgar Evers."
Modjeska Monteith Simkins,National Association for the Advancement of Colored People,5,associated_with; leader_of; member_of; opposed_to; participated_in,3,arc_apex; arc_lite; qwen_plus,Modjeska Monteith Simkins and black female leadership  propriety  politics  place and periodization in the African American freedom struggle,"Modjeska Simkins and the South Carolina Conference of the NAACP || Modjeska Simkins and the South Carolina Conference of the NAACP, 1939–1957 || Simkins fell steadily out of favour with important factions within the state NAACP leadership || Woods, 'Modjeska Simkins and the South Carolina Conference of the NAACP', 102. || she began attending local NAACP meetings in her teens || in 1941 she became the Association's state secretary || who succeeded her as the NAACP Secretary of the State Conference of Branches || she was serving on the Executive Committee of the Columbia NAACP || she denounced the NAACP's local male leaders as too complacent and conciliatory"
Dave Dennis,James Chaney,4,associated_with; collaborated_with; connected_to; participated_in,3,arc_apex; arc_lite; qwen_plus,Intergenerational movement memoirs and the emotional costs of activist commitment,"Dennis's eulogy at Chaney's memorial || his friend and colleague James Chaney || Asked to speak at Chaney's funeral to give mourners peace and succour, Dennis could see causes but no cure and delivered a visceral eulogy || I remember my last words with Chaney, Goodman, and Schwerner, the day before they were killed"
Modjeska Monteith Simkins,Richland County Citizens Committee,4,associated_with; leader_of; member_of; organised,3,arc_apex; arc_lite; qwen_plus,Modjeska Monteith Simkins and black female leadership  propriety  politics  place and periodization in the African American freedom struggle,"RCCC Radio Programme, 21 June 1972, 1: Simkins Papers, Topical Papers: Richland County Citizens Committee || she served as director of publicity for the Richland County Citizens Committee || It was as a representative of the RCCC that Simkins first began to appear regularly on WOIC || which she had helped to found in 1944"
Sojourner Truth Motor Fleet,Student Nonviolent Coordinating Committee,4,associated_with; connected_to; member_of; organised,3,arc_apex; arc_lite; qwen_plus,s41599-024-03182-3,SNCC leaders such as Robinson to rename their subversive transportation system... The example of the Sojourner Motor Fleet || This under-acknowledged piece of SNCC naming heritage || Sojourner Motor Fleet. In: SNCC Digital Gateway. https://snccdigital.org/inside-sncc/sncc-national-office/ || The decision of SNCC leaders such as Robinson to rename their subversive transportation system for Sojourner Truth || SNCC’s named transport system signaled an attempt to transform the relationship between race and mobility in America
Southern Christian Leadership Conference,St Augustine,4,associated_with; connected_to; organised; participated_in,3,arc_apex; arc_lite; qwen_plus,A fight for racial equality in Florida,"Smathers... suspected that the SCLC faked the attack || Taylor Branch's Pillar of Fire (1998) provides a masterly account of the SCLC's operations in St Augustine. || a biracial group that included Reverend Andrew Young of the SCLC || he filed lawsuits on behalf of the SCLC because biracial negotiations broke down. He targeted fifteen motels and restaurants in the St Augustine area || the SCLC protests were nonviolent || the SCLC sought to sustain the momentum by organizing night marches || the Southern Christian Leadership Conference (SCLC) campaigned there to desegregate dining and lodging facilities || the SCLC campaign || the Southern Christian Leadership Conference under Martin Luther King, Jr picked St Augustine to highlight the persistence of legally enforced white supremacy || Blacks and other Whites from elsewhere joined them and the SCLC demonstrators"
A. Philip Randolph,Civil Rights Movement,3,associated_with; leader_of; participated_in,3,arc_apex; arc_lite; qwen_plus,MorrisAnnRev1999CRM; the-dark-and-sad-days-of-reconstruction-the-politics-of-memory-in-the-civil-rights-era,"The expertise of leaders such as Ella Baker, A Philip Randolph, Bayard Rustin, and Septima Clark supplied the movement with vision and technical knowledge pertaining to collective action. || the Black labor and civil rights leader A. Philip Randolph || The expertise of leaders such as... A Philip Randolph... supplied the movement with vision and technical knowledge || Black leaders from previous movements played important roles in the civil rights movement. The expertise of leaders such as Ella Baker, A Philip Randolph, Bayard Rustin, and Septima Clark supplied the movement with vision and technical knowledge pertaining to collective action."
Alvin J. Bronstein,St Augustine,3,associated_with; located_in; participated_in,3,arc_apex; arc_lite; qwen_plus,A fight for racial equality in Florida,"By helping to make the law applicable to St Augustine, Bronstein earned the gratitude of the movement there. || He targeted fifteen motels and restaurants in the St Augustine area and continued to monitor their compliance || The LCDC assigned Bronstein to St Augustine because an experienced litigator was needed there. || the crisis attracted outside attorneys like Alvin J. Bronstein to protect the rights of protestors || By helping to make the law applicable to St Augustine, Bronstein earned the gratitude of the movement there."
Bayard Rustin,Civil Rights Movement,3,associated_with; leader_of; participated_in,3,arc_apex; arc_lite; qwen_plus,Brian-Purnell_Freedom-North-Studies-the-Long-Civil-Rights-Movement-and-Twentieth-Century-Liberalism-in-American-Cities; Hughes; MorrisAnnRev1999CRM,"Jerald Podair (2008). Bayard Rustin: American Dreamer || Bayard Rustin (1971: 111) identified as the 'classical phase' of the movement || a major tactician of the civil rights movement || The expertise of leaders such as Ella Baker, A Philip Randolph, Bayard Rustin, and Septima Clark supplied the movement with vision and technical knowledge pertaining to collective action."
Bayard Rustin,Freedom Budget for All Americans,3,associated_with; leader_of; organised,3,arc_apex; arc_lite; qwen_plus,Brian-Purnell_Freedom-North-Studies-the-Long-Civil-Rights-Movement-and-Twentieth-Century-Liberalism-in-American-Cities,He championed a Freedom Budget for All Americans || He championed a Freedom Budget for All Americans || Rustin championed a Freedom Budget for All Americans in October 1966
Bayard Rustin,Solidarity movement,3,associated_with; collaborated_with; connected_to,3,arc_apex; arc_lite; qwen_plus,MorrisAnnRev1999CRM,"was summoned to Poland to give a series of colloquia and speeches || in the early days of the Solidarity movement in Poland, Bayard Rustin... was summoned to Poland to give a series of colloquia || in the early days of the Solidarity movement in Poland, Bayard Rustin, a major tactician of the civil rights movement, was summoned to Poland to give a series of colloquia and speeches on how nonviolent direct action worked in the civil rights movement"
Brown v. Board of Education,Civil Rights Movement,3,associated_with; connected_to; participated_in,3,arc_apex; arc_lite; qwen_plus,Hughes; M12_Frost,"framed by legal victories such as Brown v. Board of Education (1954) || of the 72% of students who mentioned Brown v. Board of Education (1954), 65% labeled it the Movement's ""first victory."" || using either Brown v. Board of Education or the Montgomery bus boycott as the starting point || framed by legal victories such as Brown v. Board of Education (1954)"
Civil Rights Act 1964,Civil Rights Movement,3,associated_with; connected_to; participated_in,3,arc_apex; arc_lite; qwen_plus,Brian-Purnell_Freedom-North-Studies-the-Long-Civil-Rights-Movement-and-Twentieth-Century-Liberalism-in-American-Cities; Hughes; M12_Frost; MorrisAnnRev1999CRM,"as evidenced by the Civil Rights Acts 1964 and 1965 || as evidenced by the Civil Rights Acts 1964 and 1965 || legislation, and others generated by the civil rights movement || The Bill of the Century: The Epic Battle for the Civil Rights Act"
Fannie Lou Hamer,Student Nonviolent Coordinating Committee,3,associated_with; leader_of; member_of,3,arc_apex; arc_lite; qwen_plus,Intergenerational movement memoirs and the emotional costs of activist commitment; s41599-024-03182-3,After SNCC's Fannie Lou Hamer || After SNCC's Fannie Lou Hamer was severely injured in jail || some of SNCC’s most noted women leaders... honoring Fannie Lou Hamer || SNCC’s Fannie Lou Hamer
Federal Bureau of Investigation,Martin Luther King Jr.,3,associated_with; connected_to; opposed_to,3,arc_apex; arc_lite; qwen_plus,Hughes; JAS - MLK teaching UK schools,"Federal Bureau of Investigation (FBI) letter to Martin Luther King, 1964 || the FBI letter to King || the FBI campaigns against King || the FBI letter to King"
Freedom houses,Student Nonviolent Coordinating Committee,3,associated_with; member_of; organised,3,arc_apex; arc_lite; qwen_plus,s41599-024-03182-3,"Freedom houses sometimes operated as integrated homes, where SNCC activists modeled a society || SNCC used the name Freedom house to refer to: (1) structures rented to house civil rights workers || The third and ﬁnal case of SNCC’s onomastic tactics focuses on one of the most common practices of name changing during the Civil Rights Movement—applying the word “Freedom” to a wide range of places, institutions, organizations, and practices. These included Freedom schools... || SNCC’s freedom naming practices— when viewed as part of a larger assemblage of diverse elements constituting activism—worked to frame the affective environment in which civil rights struggles developed and were sustained. living rooms, “Freedom houses” || Freedom houses were indicative of the new kind of place that SNCC wished to create"
Julian Bond,Student Nonviolent Coordinating Committee,3,associated_with; leader_of; member_of,3,arc_apex; arc_lite; qwen_plus,Intergenerational movement memoirs and the emotional costs of activist commitment; s41599-024-03182-3,Julian Bond described organizers as a 'protective barrier' in 'SNCC: What we did' || SNCC’s Julian Bond || Julian Bond and Mary King—who headed up SNCC’s telephone network || SNCC’s Julian Bond
Martin Luther King Jr.,Civil Rights Movement,3,influenced_by; leader_of; participated_in,3,arc_apex; arc_lite; qwen_plus,Hughes; JAS - MLK teaching UK schools; M12_Frost; MorrisAnnRev1999CRM; s41599-024-03182-3; the-dark-and-sad-days-of-reconstruction-the-politics-of-memory-in-the-civil-rights-era,"biographies of leaders, especially Reverend Martin Luther King, Jr || King had been radicalized by the movement itself || He was involved in most of its significant events. || ""led"" by King, the Kennedy brothers, and Lyndon Johnson || The protest movement, led by the brilliant and eloquent Dr. Martin Luther King || the majority of students only mentioned King as a leader of the Movement || the role and leadership of Martin Luther King"
Martin Luther King Jr.,Newcastle upon Tyne,3,associated_with; connected_to; located_in,3,arc_apex; arc_lite; qwen_plus,JAS - MLK teaching UK schools; Modjeska Monteith Simkins and black female leadership  propriety  politics  place and periodization in the African American freedom struggle,King’s Newcastle visit || King's 1967 visit to Newcastle upon Tyne || King's visit to Newcastle || Newcastle University's award of an honorary doctorate to Martin Luther King in November 1967 || Martin Luther King in Newcastle: The African American Freedom Struggle and Race Relations in the North East of England (Newcastle upon Tyne || Martin Luther King in Newcastle upon Tyne: The African American Freedom Struggle and Race Relations in the North East of England
Martin Luther King Jr.,Southern Christian Leadership Conference,3,associated_with; leader_of; member_of,3,arc_apex; arc_lite; qwen_plus,A fight for racial equality in Florida; Hughes; JAS - MLK teaching UK schools; MorrisAnnRev1999CRM; s41599-024-03182-3,"Smathers... suspected that the SCLC faked the attack || the Southern Christian Leadership Conference under Martin Luther King, Jr || Martin Luther King and the Southern Christian Leadership Conference || Bearing the Cross: Martin Luther King and the Southern Christian Leadership Conference"
Martin Luther King Jr.,St Augustine,3,associated_with; located_in; participated_in,3,arc_apex; arc_lite; qwen_plus,A fight for racial equality in Florida,"Someone with a shotgun fired a dozen shots into the beach home where Martin Luther King, Jr, was staying || returned to a cell in St Augustine || Martin Luther King and 17 others jailed trying to integrate St Augus- tine restaurant || Martin Luther King and 17 others jailed trying to integrate St Augustine restaurant || Martin Luther King to rank St Augustine as ‘the most lawless city I’ve ever been in.’"
Martin Luther King Jr.,Watts,3,connected_to; influenced_by; participated_in,3,arc_apex; arc_lite; qwen_plus,JAS - MLK teaching UK schools,What was the impact of Watts upon Martin Luther King? || What was the impact of Watts upon Martin Luther King? || What was the impact of Watts upon Martin Luther King?
Modjeska Monteith Simkins,NAACP Richland County Citizens Committee,3,associated_with; leader_of; member_of,3,arc_apex; arc_lite; qwen_plus,Modjeska Monteith Simkins and black female leadership  propriety  politics  place and periodization in the African American freedom struggle,"RCCC Radio Programme, 15 March 1972, 1–2: Simkins Papers, Topical Papers: NAACP Richland County Citizens Committee || RCCC Radio Programme, 17 January 1968, 4: Simkins Papers, Topical Papers: NAACP Richland County Citizens Committee, 1968 || RCCC Radio Programme, 7 June 1972, 1: Simkins Papers, Topical Papers: NAACP Richland County Citizens Committee || RCCC Radio Programme... Simkins Papers, Topical Papers: NAACP Richland County Citizens Committee || Simkins Papers, Topical Papers: NAACP Richland County Citizens Committee || Simkins's WOIC broadcasts and work with the RCCC reflected her bellicose spirit || That turnout was partly due to Simkins and the RCCC. || Simkins announced that the RCCC intended to 'emphasize the importance of increased voter registration' || Simkins formally announced the RCCC's opposition to the Vietnam War || Simkins Papers, Topical Papers: NAACP Richland County Citizens Committee || Simkins formally announced the RCCC’s opposition to the Vietnam War. || Simkins reminded listeners, the organization has waged hardline confrontation || Simkins tried to dispel the idea that South Carolina Blacks voted ‘Like Sheep’. In a spring 1972 broadcast, Simkins announced that the RCCC intended to ‘emphasize the importance of increased voter registration..."
Modjeska Monteith Simkins,Roy Wilkins,3,associated_with; collaborated_with; connected_to,3,arc_apex; arc_lite; qwen_plus,Modjeska Monteith Simkins and black female leadership  propriety  politics  place and periodization in the African American freedom struggle,"Letter from Modjeska Simkins to Roy Wilkins, 6 February 1956 || In February 1956 Simkins wrote to Roy Wilkins, bluntly informing the NAACP’s Executive Secretary || Letter from Modjeska Simkins to Roy Wilkins || Letter from Modjeska Simkins to Roy Wilkins, 6 February 1956"
Ruby Doris Smith Robinson,Sojourner Truth Motor Fleet,3,associated_with; leader_of; organised,3,arc_apex; arc_lite; qwen_plus,s41599-024-03182-3,SNCC leaders such as Robinson to rename their subversive transportation system... The example of the Sojourner Motor Fleet || Ruby Doris Smith Robinson established and shrewdly managed the car system || Ruby Doris Smith Robinson established and shrewdly managed the car system || Black female activist Ruby Doris Smith Robinson established and shrewdly managed the car system || The decision of SNCC leaders such as Robinson to rename their subversive transportation system for Sojourner Truth
sit-in movement,Student Nonviolent Coordinating Committee,3,associated_with; connected_to; organised,3,arc_apex; arc_lite; qwen_plus,MorrisAnnRev1999CRM,The sit-in movement was also critical because it led to the formation of the Student Nonviolent Coordination Committee (SNCC) || The sit-in movement was also critical because it led to the formation of the Student Nonviolent Coordination Committee (SNCC) || The sit-in tactic was innovative because other tactics spun off of it... The sit-in movement was also critical because it led to the formation of the Student Nonviolent Coordination Committee (SNCC)
Black Power Movement,Civil Rights Movement,3,associated_with; influenced_by; opposed_to,2,arc_apex; arc_lite,Hughes; JAS - MLK teaching UK schools; The Black Power Movement  A historiographical understanding of how scholarship has shaped the legacy of the Black Power Movement,"the positive contributions of the Black Power movement || Consistently presented as the heroic early movement's more militant, more violent, less temperate descendent || This is contrary to the mainstream narrative of scholarship surrounding the Civil Rights Movement || a legacy of the Black Power Movement, which was more apt to use violence and force to create change in contrast to the civil rights protests || describing it as an extension of the Civil Rights Movement || the BPM [black power movement] can be conveniently blamed for the demise of the Civil Rights Movement"
Dave Dennis,Mississippi Freedom Summer,3,associated_with; leader_of; participated_in,2,arc_apex; arc_lite,Intergenerational movement memoirs and the emotional costs of activist commitment,"Unsung heroes of 1964 Mississippi Freedom Summer || COFO's Mississippi Freedom Summer campaign, which he co-led || which he co-led || Council of Federation Organizations’ (COFO) Mississippi Freedom Summer campaign, which he co-led || the Council of Federation Organizations’ (COFO) Mississippi Freedom Summer campaign, which he co-led"
Martin Luther King Jr.,Montgomery Bus Boycott,3,associated_with; leader_of; participated_in,2,arc_apex; qwen_plus,JAS - MLK teaching UK schools; MorrisAnnRev1999CRM,"King-centric narrative, in which the 1955 bus boycott in Montgomery, Alabama || A young Black minister, Martin Luther King, Jr., who came to personify the role of charismatic leader, was chosen to lead the movement. || connections between the Montgomery bus boycott, the March on Washington and the Bristol bus boycott"
Martin Luther King Jr.,Poor People's Campaign,3,associated_with; leader_of; organised,2,arc_apex; qwen_plus,Hughes; JAS - MLK teaching UK schools,"King and the Other America: The poor people's campaign and the quest for economic equality || King and the Other America: The Poor People's Campaign and the Quest for Economic Equality || King's work on the Poor People's Campaign, which occupied the last eighteen months of his life || Sylvie Laurent, King and the Other America: The Poor People’s Campaign and the Quest for Economic Equality"
A. Philip Randolph,March on Washington Movement,2,leader_of; organised,3,arc_apex; arc_lite; qwen_plus,MorrisAnnRev1999CRM,A Philip Randolph organized the March on Washington Movement (MOWM) || A Philip Randolph's March On Washington Movement (MOWM) || A Philip Randolph(cid:146)s March On Washington Movement (MOWM) || In the early 1940s A Philip Randolph organized the March on Washington Movement (MOWM). || A Philip Randolph's March On Washington Movement (MOWM)
A. Philip Randolph,March on Washington for Jobs and Freedom,2,organised; participated_in,3,arc_apex; arc_lite; qwen_plus,Hughes; JAS - MLK teaching UK schools; the-dark-and-sad-days-of-reconstruction-the-politics-of-memory-in-the-civil-rights-era,"the March, co-organized by eminent labour leader A. Philip Randolph || These images included photographs of such figures as A. Philip Randolph... and the March on Washington for Jobs and Freedom || the March, co-organized by eminent labour leader A. Philip Randolph || In his speech at the March on Washington in August 1963, John Lewis, the young leader of the Student Non Violent Coordinating Committee (SNCC), criticized President John F. Kennedy’s proposed civil rights bill..."
"Albany, Georgia",Southern Christian Leadership Conference,2,associated_with; participated_in,3,arc_apex; arc_lite; qwen_plus,MorrisAnnRev1999CRM,"Albany, Georgia in 1962 when the movement failed to reach its goals because of the conflict between SCLC and SNCC || the conflict between SCLC and SNCC (see Morris 1984:239(cid:150)250). By ex- amining the civil rights movement, Haines (1984) demonstrated how interor- ganizational relations between SMOs can affect the outcomes of a movement... in 1962 Albany, Georgia || Albany, Georgia in 1962 when the movement failed to reach its goals because of the conflict between SCLC and SNCC"
"Albany, Georgia",Student Nonviolent Coordinating Committee,2,associated_with; participated_in,3,arc_apex; arc_lite; qwen_plus,MorrisAnnRev1999CRM; s41599-024-03182-3,"Albany, Georgia in 1962 when the movement failed to reach its goals because of the conflict between SCLC and SNCC || the conflict between SCLC and SNCC (see Morris 1984:239(cid:150)250). By ex- amining the civil rights movement, Haines (1984) demonstrated how interor- ganizational relations between SMOs can affect the outcomes of a movement... in 1962 Albany, Georgia || and even a Freedom Alley in Albany, Georgia. ... SNCC’s naming and narrative practices were important cultural moorings || Albany, Georgia in 1962 when the movement failed to reach its goals because of the conflict between SCLC and SNCC"
Alvin J. Bronstein,Congress of Racial Equality,2,associated_with; member_of,3,arc_apex; arc_lite; qwen_plus,A fight for racial equality in Florida,he served for nearly half a decade as general counsel to the Brooklyn branch of CORE || he served for nearly half a decade as general counsel to the Brooklyn branch of CORE. || he served for nearly half a decade as general counsel to the Brooklyn branch of CORE
Alvin J. Bronstein,Freedom Rides,2,associated_with; participated_in,3,arc_apex; arc_lite; qwen_plus,A fight for racial equality in Florida,"when some of the Brooklyn members were arrested as Freedom Riders, Bronstein went to Mississippi to defend them || In 1961, when some of the Brooklyn members were arrested as Freedom Riders, Bronstein went to Mississippi to defend them. || Simon and two other Miami attorneys assisted Rachlin. || In 1961, when some of the Brooklyn members were arrested as Freedom Riders, Bronstein went to Mississippi to defend them"
Alvin J. Bronstein,Southern Christian Leadership Conference,2,associated_with; collaborated_with,3,arc_apex; arc_lite; qwen_plus,A fight for racial equality in Florida,"In attracting lawyers like Kunstler and Alvin J. Bronstein to assist Simon, the SCLC campaign || In August 1964 he filed lawsuits on behalf of the SCLC || He was even willing to violate judicial propriety by asking Alvin Bronstein to file legal claims against the white extremists. In addition to Simon, who worked pro bono for the SCLC || In August 1964 he filed lawsuits on behalf of the SCLC || In attracting lawyers like Kunstler and Alvin J. Bronstein to assist Simon, the SCLC campaign contributed noticeably"
Alvin J. Bronstein,Tobias Simon,2,associated_with; collaborated_with,3,arc_apex; arc_lite; qwen_plus,A fight for racial equality in Florida,Alvin J. Bronstein to assist Simon || In attracting lawyers like Kunstler and Alvin J. Bronstein to assist Simon || Tobias Simon (aliases: Tobias Simon) is listed in the entity list alongside Alvin Bronstein but no direct relationship is stated in the text
Bayard Rustin,March on Washington for Jobs and Freedom,2,organised; participated_in,3,arc_apex; arc_lite; qwen_plus,Hughes; JAS - MLK teaching UK schools,"co-organized by eminent labour leader A. Philip Randolph and socialist intellectual Bayard Rustin || These images included photographs of such figures as... Bayard Rustin... and the March on Washington for Jobs and Freedom || the March, co-organized by... Bayard Rustin || The images associated with the conventional narrative of the movement, plus duplications from the primary source packet, meant that only about 12 per cent of the images provided by the students in Group B represented new selections that reflected a more revisionist interpretation of the movement. These images included photographs of such figures as A. Philip Randolph, Bayard Rustin, Richard Nixon and J. Edgar Hoover, as well as references to abolitionism, the 13th Amendment, race riots in 1919, and 2014 protests about the police shooting in Ferguson, Missouri."
Bayard Rustin,United Federation of Teachers,2,associated_with; opposed_to,3,arc_apex; arc_lite; qwen_plus,Brian-Purnell_Freedom-North-Studies-the-Long-Civil-Rights-Movement-and-Twentieth-Century-Liberalism-in-American-Cities,bor unions put him on the side of the mostly white United Federation of Teachers and against the mostly black opponents of the union || put him on the side of the mostly white United Federation of Teachers || Rustin’s steadfast belief in strong labor unions put him on the side of the mostly white United Federation of Teachers || bor unions put him on the side of the mostly white United Federation of Teachers and against the mostly black opponents of the union. || Rustin’s steadfast belief in strong labor unions put him on the side of the mostly white United Federation of Teachers
Bristol Bus Boycott,Martin Luther King Jr.,2,associated_with; influenced_by,3,arc_apex; arc_lite; qwen_plus,JAS - MLK teaching UK schools,"concurrent but largely forgotten events in the UK that echoed King's rhetoric and tactics, such as the 1963 Bristol Bus Boycott || She draws attention to concurrent but largely forgotten events in the UK that echoed King’s rhetoric and tactics, such as the 1963 Bristol Bus Boycott || she draws attention to concurrent but largely forgotten events in the UK that echoed King’s rhetoric and tactics, such as the 1963 Bristol Bus Boycott"
Carl Rachlin,Congress of Racial Equality,2,associated_with; member_of,3,arc_apex; arc_lite; qwen_plus,A fight for racial equality in Florida,attorney Carl Rachlin of CORE || attorney Carl Rachlin of CORE || in 1963 attorney Carl Rachlin of CORE argued his case before the Supreme Court
Charles Billups,Chicago,2,associated_with; located_in,3,arc_apex; arc_lite; qwen_plus,Intergenerational movement memoirs and the emotional costs of activist commitment,The family left Birmingham for Chicago in 1966 || Reverend Billups was murdered by an unknown gunman in Chicago || Reverend Billups was murdered by an unknown gunman in Chicago in 1968 || The family left Birmingham for Chicago in 1966
Charles Billups,Martin Luther King Jr.,2,associated_with; collaborated_with,3,arc_apex; arc_lite; qwen_plus,Intergenerational movement memoirs and the emotional costs of activist commitment,My Life with Charles Billups and Martin Luther King || belonged to King’s inner circle in the SCLC || My Life with Charles Billups and Martin Luther King || belonged to King’s inner circle in the SCLC
Civil Rights Act 1964,St Augustine,2,associated_with; connected_to,3,arc_apex; arc_lite; qwen_plus,A fight for racial equality in Florida,compliance with the Civil Rights Act was at first begrudging || the crisis in St Augustine that spring and summer served as the inescapable backdrop for the passage of the Civil Rights Act (1964) || compliance with the Civil Rights Act was at first begrudging. Some restaurateurs in St Augustine placed signs || the crisis in St Augustine that spring and summer served as the inescapable backdrop for the passage of the Civil Rights Act (1964) || the crisis in St Augustine that spring and summer served as the inescapable backdrop for the passage of the Civil Rights Act (1964)
Civil Rights Movement,Montgomery Bus Boycott,2,associated_with; connected_to,3,arc_apex; arc_lite; qwen_plus,JAS - MLK teaching UK schools; M12_Frost; Modjeska Monteith Simkins and black female leadership  propriety  politics  place and periodization in the African American freedom struggle; MorrisAnnRev1999CRM; s41599-024-03182-3,"marks 'the real start of the US civil rights movement' || using either Brown v. Board of Education or the Montgomery bus boycott as the starting point || the Montgomery bus boycott and the early Civil Rights Movement || RETROSPECTIVE ON CIVIL RIGHTS MOVEMENT 525 || The 1955 Montgomery, Alabama, year-long mass-based bus boycott and the unfolding decade of Black protest changed all this."
Congress of Racial Equality,Tobias Simon,2,associated_with; collaborated_with,3,arc_apex; arc_lite; qwen_plus,A fight for racial equality in Florida,"Simon quickly became one of the South's extremely few white lawyers willing to help CORE. || Simon quickly became one of the South’s extremely few white lawyers willing to help CORE. || August Meier and Elliott Rudwick, CORE: A Study of the Civil Rights Movement, 1942–1968 (New York and Oxford: Oxford University Press 1973), 283."
Dave Dennis,Council of Federated Organizations,2,leader_of; member_of,3,arc_apex; arc_lite; qwen_plus,Intergenerational movement memoirs and the emotional costs of activist commitment,"as an organizer in Louisiana and Mississippi with CORE and COFO until 1965 || the Council of Federation Organizations’ (COFO) Mississippi Freedom Summer campaign, which he co-led, the Congress of Racial Equality’s (CORE) David Dennis || as an organizer in Louisiana and Mississippi with CORE and COFO || COFO's Mississippi Freedom Summer campaign, which he co-led"
Dave Dennis,National Association for the Advancement of Colored People,2,associated_with; member_of,3,arc_apex; arc_lite; qwen_plus,Intergenerational movement memoirs and the emotional costs of activist commitment,"he wrote a NAACP newsletter in his hometown of Shreveport || he wrote a NAACP newsletter || the NAACP’s representative in Mississippi, in June 1963, Dennis’s faith in the movement was shaken to the core || he wrote a NAACP newsletter in his hometown of Shreveport. Louisiana"
Ella Baker,Civil Rights Movement,2,leader_of; participated_in,3,arc_apex; arc_lite; qwen_plus,M12_Frost; MorrisAnnRev1999CRM,"The expertise of leaders such as Ella Baker, A Philip Randolph, Bayard Rustin, and Septima Clark supplied the movement with vision and technical knowledge pertaining to collective action. || The expertise of leaders such as Ella Baker... supplied the movement with vision and technical knowledge || long-time activist Ella Baker contended, “Martin didn’t make the movement, the movement made Martin.” || Black leaders from previous movements played important roles in the civil rights movement. The expertise of leaders such as Ella Baker, A Philip Randolph, Bayard Rustin, and Septima Clark supplied the movement with vision and technical knowledge pertaining to collective action. || Parks' resistance and civil rights activity were not unlike those of countless Black women such as Ella Baker, Septima Clark, Fannie Lou Hamer"
Ella Baker,Student Nonviolent Coordinating Committee,2,leader_of; member_of,3,arc_apex; arc_lite; qwen_plus,s41599-024-03182-3,"its founder and advisor Ella Baker || some of SNCC’s most noted women leaders... named for Ella Baker || the organization was heavily inﬂuenced by the political philosophy of its founder and advisor Ella Baker || SNCC was heavily influenced by the political philosophy of its founder and advisor Ella Baker || unlike other more male-dominated civil rights organizations at the time, women played a key role in SNCC’s founding and operation"
Fannie Lou Hamer,Mennonite House,2,associated_with; located_in,3,arc_apex; arc_lite; qwen_plus,Intergenerational movement memoirs and the emotional costs of activist commitment,she spent time in the Mennonite House || she spent time in the Mennonite House || she spent time in the Mennonite House
Freedom Singers,Student Nonviolent Coordinating Committee,2,associated_with; member_of,3,arc_apex; arc_lite; qwen_plus,s41599-024-03182-3,the job of the Freedom Singers was to raise money for SNCC and educate the public of its grassroots campaigns for civil rights || The formation of the Freedom Singers in 1962 reﬂected SNCC’s recognition of the power of music as a mobilization tool || While ostensibly the job of the Freedom Singers was to raise money for SNCC || While ostensibly the job of the Freedom Singers was to raise money for SNCC and educate the public of its grassroots campaigns for civil rights
Harry Belafonte,Student Nonviolent Coordinating Committee,2,associated_with; connected_to,3,arc_apex; arc_lite; qwen_plus,Intergenerational movement memoirs and the emotional costs of activist commitment,"Harry Belafonte wrote of activist members of the Student Nonviolent Coordinating Committee (SNCC) || In an open letter designed to drive funding, Harry Belafonte wrote of activist members of the Student Nonviolent Coordinating Committee (SNCC) || In an open letter designed to drive funding, Harry Belafonte wrote of activist members of the Student Nonviolent Coordinating Committee (SNCC) || Harry Belafonte wrote of activist members of the Student Nonviolent Coordinating Committee (SNCC)"
Israel S. (Sy) Dresner,Martin Luther King Jr.,2,associated_with; collaborated_with,3,arc_apex; arc_lite; qwen_plus,A fight for racial equality in Florida,"King sent a letter to Dresner, asking him to recruit his colleagues to come to the city || Rabbi Israel Dresner, civil rights champion who befriended King || Rabbi Israel Dresner, civil rights champion who befriended King || King sent a letter to Dresner, asking him to recruit his colleagues to come to the city to heighten public attention to the struggle"
Israel S. (Sy) Dresner,St Augustine,2,located_in; participated_in,3,arc_apex; arc_lite; qwen_plus,A fight for racial equality in Florida,"On 18 June, Dresner and fifteen other rabbis arrived || On 18 June, Dresner and fifteen other rabbis arrived... The 245 Jews who lived in St Augustine generally restrained their enthusiasm || On 18 June, Dresner and fifteen other rabbis arrived"
James Lawson,Martin Luther King Jr.,2,associated_with; collaborated_with,3,arc_apex; arc_lite; qwen_plus,MorrisAnnRev1999CRM,"As James Lawson put it, (cid:147)Any time King went to a movement, immediately the focus of the nation was on that community || As James Lawson put it, 'Any time King went to a movement, immediately the focus of the nation was on that community' || As James Lawson put it, 'Any time King went to a movement, immediately the focus of the nation was on that community'"
John Lewis,Student Nonviolent Coordinating Committee,2,leader_of; member_of,3,arc_apex; arc_lite; qwen_plus,Intergenerational movement memoirs and the emotional costs of activist commitment; the-dark-and-sad-days-of-reconstruction-the-politics-of-memory-in-the-civil-rights-era,"SNCC's John Lewis || John Lewis, the young leader of the Student Non Violent Coordinating Committee (SNCC) || SNCC’s John Lewis || John Lewis, the young leader of the Student Non Violent Coordinating Committee (SNCC)"
Lyndon Johnson,Martin Luther King Jr.,2,associated_with; opposed_to,3,arc_apex; arc_lite; qwen_plus,JAS - MLK teaching UK schools,"King’s vexed but often productive relationship with President Lyndon Johnson had deteriorated. || King’s vexed but often productive relationship with President Lyndon Johnson had deteriorated. || For the split with Johnson see Sylvia Ellis, Freedom’s Pragmatist: Lyndon Johnson and Civil Rights || For the split with Johnson see Sylvia Ellis, Freedom’s Pragmatist: Lyndon Johnson and Civil Rights"
Martin Luther King Jr.,Monson Motor Lodge,2,associated_with; participated_in,3,arc_apex; arc_lite; qwen_plus,A fight for racial equality in Florida,"he was arrested trying to desegregate the restaurant of the Monson Motor Lodge || On 11 June 1964 he was arrested trying to desegregate the restaurant of the Monson Motor Lodge. || On 11 June 1964 he was arrested trying to desegregate the restaurant of the Monson Motor Lodge || someone with a shotgun fired a dozen shots into the beach home where Martin Luther King, Jr, was staying"
Martin Luther King Jr.,open housing movement,2,leader_of; organised,3,arc_apex; arc_lite; qwen_plus,Brian-Purnell_Freedom-North-Studies-the-Long-Civil-Rights-Movement-and-Twentieth-Century-Liberalism-in-American-Cities,"Martin Luther King, Jr., tried to launch an open housing movement in Chicago and failed. || Martin Luther King, Jr., tried to launch an open housing movement in Chicago and failed. || Martin Luther King, Jr., tried to launch an open housing movement in Chicago and failed."
Mary King,Student Nonviolent Coordinating Committee,2,leader_of; member_of,3,arc_apex; arc_lite; qwen_plus,s41599-024-03182-3,Julian Bond and Mary King—who headed up SNCC’s telephone network || Julian Bond and Mary King—who headed up SNCC’s telephone network || Julian Bond and Mary King—who headed up SNCC’s telephone network—Communication Department
National Association for the Advancement of Colored People,Civil Rights Movement,2,member_of; participated_in,3,arc_apex; arc_lite; qwen_plus,Intergenerational movement memoirs and the emotional costs of activist commitment; MorrisAnnRev1999CRM,"Organizations like SCLC, NAACP, CORE and SNCC were very visible in the civil rights movement || This organization increased the formal organizational base of the movement, which already included... the NAACP || ion for the Advancement of Colored People (NAACP), 1960s civil rights activism, oral histories, Southern Christian Leadership Conference (SCLC), Student Nonviolent Coordinating Committee (SNCC), trauma and burnout"
National Association for the Advancement of Colored People,Southern Christian Leadership Conference,2,associated_with; collaborated_with,3,arc_apex; arc_lite; qwen_plus,Hughes; Intergenerational movement memoirs and the emotional costs of activist commitment; s41599-024-03182-3,"the relationship between prominent organisations, such as the National Association for the Advancement of Colored People (NAACP) and the Southern Christian Leadership Conference (SCLC) || the relationship between prominent organisations, such as the National Association for the Advancement of Colored People (NAACP) and the Southern Christian Leadership Conference (SCLC) || National Association for the Advancement of Colored People (NAACP), Southern Christian Leadership Conference (SCLC) || street naming proposals—most coming from local chapters of the NAACP (National Association for Advancement of Colored People) and SCLC (Southern Christian Leadership Conference) and various other Black-led community initiatives—have placed immense value in memorializing King as a metonym of the successes and sacriﬁces of the Movement."
Patricia Stephens Due,Southern Christian Leadership Conference,2,collaborated_with; member_of,3,arc_apex; arc_lite; qwen_plus,Intergenerational movement memoirs and the emotional costs of activist commitment,"also worked with the Southern Christian Leadership Conference (SCLC) || worked with the Southern Christian Leadership Conference (SCLC) || Patricia Stephens Due, another CORE organizer who also worked with the Southern Christian Leadership Conference (SCLC) || Patricia Stephens Due, another CORE organizer who also worked with the Southern Christian Leadership Conference (SCLC)"
Patricia Stephens Due,Student Nonviolent Coordinating Committee,2,collaborated_with; member_of,3,arc_apex; arc_lite; qwen_plus,Intergenerational movement memoirs and the emotional costs of activist commitment,"also worked with... SNCC || worked with... SNCC || Patricia Stephens Due, another CORE organizer who also worked with the ... SNCC || Patricia Stephens Due, another CORE organizer who also worked with the Southern Christian Leadership Conference (SCLC), SNCC || Patricia Stephens Due, another CORE organizer who also worked with the Southern Christian Leadership Conference (SCLC), SNCC"
Roy Wilkins,National Association for the Advancement of Colored People,2,leader_of; member_of,3,arc_apex; arc_lite; qwen_plus,A fight for racial equality in Florida; JAS - MLK teaching UK schools; Modjeska Monteith Simkins and black female leadership  propriety  politics  place and periodization in the African American freedom struggle,Executive secretary Roy Wilkins feared that 'the civil rights movement in Florida and the entire Southeast' would be imperilled if the NAACP lost. || the NAACP's Executive Secretary || Executive secretary Roy Wilkins feared that ‘the civil rights movement in Florida and the entire Southeast’ would be imperilled if the NAACP lost. || Roy Wilkins of the NAACP
Ruby Doris Smith Robinson,Student Nonviolent Coordinating Committee,2,leader_of; member_of,3,arc_apex; arc_lite; qwen_plus,s41599-024-03182-3,"SNCC members elected Robinson to replace him as executive secretary || The decision of SNCC leaders such as Robinson to rename their subversive transportation system || Robinson was a founding member of SNCC || Female colleagues in SNCC saw Ruby Doris Smith Robinson as tough, ﬁerce, and merciless. || Robinson was a founding member of SNCC || Female colleagues in SNCC saw Ruby Doris Smith Robinson as tough, ﬁerce, and merciless. || Robinson was a founding member of SNCC"
Septima Clark,Civil Rights Movement,2,leader_of; participated_in,3,arc_apex; arc_lite; qwen_plus,MorrisAnnRev1999CRM,"The expertise of leaders such as Ella Baker, A Philip Randolph, Bayard Rustin, and Septima Clark supplied the movement with vision and technical knowledge pertaining to collective action. || The expertise of leaders such as... Septima Clark supplied the movement with vision and technical knowledge || Black leaders from previous movements played important roles in the civil rights movement. The expertise of leaders such as Ella Baker, A Philip Randolph, Bayard Rustin, and Septima Clark supplied the movement with vision and technical knowledge pertaining to collective action. || Parks' resistance and civil rights activity were not unlike those of countless Black women such as Ella Baker, Septima Clark, Fannie Lou Hamer"
Sojourner Truth Motor Fleet,Sojourner Truth,2,associated_with; influenced_by,3,arc_apex; arc_lite; qwen_plus,s41599-024-03182-3,"Sojourner Truth's name identified and participated in an antiracist mobility work || rename their subversive transportation system for Sojourner Truth... The example of the Sojourner Motor Fleet || was named after the prominent 19th century African American freedom ﬁghter Sojourner Truth || SNCC’s transport company, the Sojourner Motor Fleet, was named after the prominent 19th century African American freedom ﬁghter Sojourner Truth || the Sojourner Motor Fleet is instructive of a Black onomastic agency... Sojourner Truth’s name identiﬁed and participated in an antiracist mobility work || The decision of SNCC leaders such as Robinson to rename their subversive transportation system for Sojourner Truth represented an honoring of prominent Black women freedom fighters || the Sojourner Motor Fleet is instructive of a Black onomastic agency long before the current renaming moment garnered attention"
Southern Christian Leadership Conference,Civil Rights Movement,2,member_of; participated_in,3,arc_apex; arc_lite; qwen_plus,Intergenerational movement memoirs and the emotional costs of activist commitment; MorrisAnnRev1999CRM,"Organizations like SCLC, NAACP, CORE and SNCC were very visible in the civil rights movement || This organization increased the formal organizational base of the movement, which already included the Southern Christian Leadership Conference (SCLC) || ion for the Advancement of Colored People (NAACP), 1960s civil rights activism, oral histories, Southern Christian Leadership Conference (SCLC), Student Nonviolent Coordinating Committee (SNCC), trauma and burnout"
Southern Christian Leadership Conference,Student Nonviolent Coordinating Committee,2,associated_with; opposed_to,3,arc_apex; arc_lite; qwen_plus,Intergenerational movement memoirs and the emotional costs of activist commitment; MorrisAnnRev1999CRM,"the conflict between SCLC and SNCC || the movement failed to reach its goals because of the conflict between SCLC and SNCC || Southern Christian Leadership Conference (SCLC), Student Nonviolent Coordinating Committee (SNCC) || This organization increased the formal organizational base of the movement, which already included the Southern Christian Leadership Conference (SCLC), the Congress of Racial Equality (CORE), the NAACP, and numerous local movement organizations"
Tobias Simon,St Augustine,2,located_in; participated_in,3,arc_apex; arc_lite; qwen_plus,A fight for racial equality in Florida,"drew in the Miami-based Tobias Simon, a key lawyer for progressive causes in the state || drew in the Miami-based Tobias Simon, a key lawyer for progressive causes in the state || Congress debated in the shadow of the ‘troubles’ in St Augustine. ... By helping to make the law applicable to St Augustine, Bronstein earned the gratitude of the movement there. || Accepting the pleas of Kunstler and Simon, the judge ordered bonds for the defendants. || Simon quickly challenged the ban || drew in the Miami-based Tobias Simon, a key lawyer for progressive causes in the state"
A. Philip Randolph,Martin Luther King Jr.,2,associated_with; collaborated_with,2,arc_apex; arc_lite,JAS - MLK teaching UK schools,"King attended independence celebrations in Ghana, along with Vice President Richard Nixon, Adam Clayton Powell, and A. Philip Randolph || King attended independence celebrations in Ghana, along with Vice President Richard Nixon, Adam Clayton Powell, and A. Philip Randolph."
Alabama,Brown v. Board of Education,2,associated_with; opposed_to,2,arc_apex; arc_lite,A fight for racial equality in Florida,"In 1956, two years after Brown v. Board of Education, four southern states prevented even a single black pupil from attending a public school with Whites: Mississippi, Alabama, Georgia and Florida. || In 1956, two years after Brown v. Board of Education, four southern states prevented even a single black pupil from attending a public school with Whites: Mississippi, Alabama, Georgia and Florida."
Alvin J. Bronstein,Civil Rights Act 1964,2,associated_with; participated_in,2,arc_lite; qwen_plus,A fight for racial equality in Florida,The Civil Rights Act promised a breakout from confinement within the black community and offered the vision of equality. But would the city of St Augustine comply with the law? Simpson was wary. He met privately with Bronstein and told him that he would ‘allow attorneys’ fees in any case brought under the Civil Rights Act’ || The Civil Rights Act promised a breakout from confinement within the black community and offered the vision of equality.
Andrew Young,St Augustine,2,connected_to; participated_in,2,arc_apex; qwen_plus,A fight for racial equality in Florida,a biracial group that included Reverend Andrew Young of the SCLC || a waitress had poured hot coffee on a biracial group that included Reverend Andrew Young of the SCLC
Atlanta,John Lewis,2,associated_with; connected_to,2,arc_apex; arc_lite,Intergenerational movement memoirs and the emotional costs of activist commitment,Atlanta's mayor eulogized John Lewis in July 2020 || as Atlanta’s mayor eulogized John Lewis in July 2020
Bayard Rustin,New York City school strikes,2,associated_with; participated_in,2,arc_apex; qwen_plus,Brian-Purnell_Freedom-North-Studies-the-Long-Civil-Rights-Movement-and-Twentieth-Century-Liberalism-in-American-Cities,"During the New York City school strikes of the late 1960s, Rustin's steadfast belief in strong labor unions put him on the side of the mostly white United Federation of Teachers || During the New York City school strikes of the late 1960s, Rustin’s steadfast belief in strong labor unions put him on the side of the mostly white United Federation of Teachers"
Black Power,Patricia Stephens Due,2,associated_with; collaborated_with,2,arc_apex; qwen_plus,Intergenerational movement memoirs and the emotional costs of activist commitment,"also worked with... Black Power organizations in Florida || and Black Power || Patricia Stephens Due, another CORE organizer who also worked with the Southern Christian Leadership Conference (SCLC), SNCC, the National Association for the Advancement of Colored People (NAACP) and Black Power"
Charles Billups,Birmingham,2,located_in; participated_in,2,arc_lite; qwen_plus,Intergenerational movement memoirs and the emotional costs of activist commitment,The family left Birmingham for Chicago in 1966 || leading a ‘Miracle March’ in Birmingham on 5 May 1963 || warning Bull Connor that if he turned police dogs [...] on demonstrators as he had on black children two days earlier
Civil Rights Movement,Florida,2,associated_with; connected_to,2,arc_apex; arc_lite,A fight for racial equality in Florida,this essay addresses specifically with regard to the fight in Florida || Florida a tempting target for the Civil Rights Movement || That the political leadership of the state recognized the need to show compatibility with the contemporary United States made Florida a tempting target for the Civil Rights Movement.
Civil Rights Movement,sit-in movement,2,associated_with; organised,2,arc_apex; qwen_plus,MorrisAnnRev1999CRM,"The sit-in movement and SNCC constituted the framework through which large numbers of white college students came to participate in the civil rights movement. || direct action and especially the sit-in, which the civil rights movement utilized and made famous around the globe || the sit-in, which the civil rights movement utilized and made famous around the globe || the widespread use and development of nonviolent direct action tactics is one of the crowning achievements of the civil rights movement... especially the sit-in, which the civil rights movement utilized and made famous"
Congress of Racial Equality,Civil Rights Movement,2,member_of; participated_in,2,arc_apex; arc_lite,MorrisAnnRev1999CRM,"Organizations like SCLC, NAACP, CORE and SNCC were very visible in the civil rights movement || This organization increased the formal organizational base of the movement, which already included... the Congress of Racial Equality (CORE)"
Congress of Racial Equality,Freedom Rides,2,organised; participated_in,2,arc_apex; qwen_plus,A fight for racial equality in Florida; Intergenerational movement memoirs and the emotional costs of activist commitment,when some of the Brooklyn members were arrested as Freedom Riders || Congress of Racial Equality's (CORE) David Dennis
Council of Federated Organizations,Student Nonviolent Coordinating Committee,2,associated_with; collaborated_with,2,arc_apex; qwen_plus,Intergenerational movement memoirs and the emotional costs of activist commitment; s41599-024-03182-3,"SNCC and allied organizations such as COFO (Council of Federated Organizations) organized and worked || Council of Federated Organizations (COFO), Student Nonviolent Coordinating Committee (SNCC)"
Dave Dennis,Schwerner,2,associated_with; collaborated_with,2,arc_apex; qwen_plus,Intergenerational movement memoirs and the emotional costs of activist commitment,"he was slated to accompany Chaney and Schwerner to investigate the burning of a black church || I remember my last words with Chaney, Goodman, and Schwerner, the day before they were killed in Neshoba County"
Ella Baker,Martin Luther King Jr.,2,associated_with; collaborated_with,2,arc_apex; qwen_plus,M12_Frost,"Ella Baker contended, ""Martin didn't make the movement, the movement made Martin."" || Martin didn’t make the movement, the movement made Martin."
Ella Baker,Modjeska Monteith Simkins,2,associated_with; connected_to,2,arc_apex; arc_lite,Modjeska Monteith Simkins and black female leadership  propriety  politics  place and periodization in the African American freedom struggle,"Despite her preference for didacticism over the 'Socratic' methods favoured by Ella Baker, Simkins encouraged self- and communal empowerment || There were also parallels with Ella Baker, another leader, who 'lived outside categories and labels' || Despite her preference for didacticism over the ‘Socratic’ methods favoured by Ella Baker, Simkins encouraged self- and communal empowerment"
Ella Baker,Ruby Doris Smith Robinson,2,collaborated_with; leader_of,2,arc_lite; qwen_plus,s41599-024-03182-3,"Mentored by civil rights icon Ella Baker, Robinson served as the administrative secretary || Mentored by civil rights icon Ella Baker"
Florida,National Association for the Advancement of Colored People,2,associated_with; opposed_to,2,arc_lite; qwen_plus,A fight for racial equality in Florida,"The NAACP won, barely (5–4). ... In delaying desegregation, Florida was very much a southern state. || The state’s transparent purpose was to weaken, if not destroy, a civil rights organization that the legislature deemed ‘subversive’. || Tallahassee yearned to acquire the membership lists of the National Association for the Advancement of Colored People (NAACP). The state’s transparent purpose was to weaken, if not destroy, a civil rights organization that the legislature deemed ‘subversive’."
Freedom houses,Freedom Summer,2,associated_with; participated_in,2,arc_apex; qwen_plus,s41599-024-03182-3,"during the Freedom Summer of 1964, approximately seventy homes and community centers were bombed—including some Freedom houses || over the span of 10 weeks during the Freedom Summer of 1964, approximately seventy homes and community centers were bombed—including some Freedom houses—"
James Groppi,National Association for the Advancement of Colored People,2,associated_with; leader_of,2,arc_apex; arc_lite,Brian-Purnell_Freedom-North-Studies-the-Long-Civil-Rights-Movement-and-Twentieth-Century-Liberalism-in-American-Cities,Groppi mentored the local NAACP (National Association for the Advancement of Colored People) Youth Council's (YC) and its Commandos || Groppi mentored the local NAACP (National Association for the Advancement of Colored People) Youth Council’s (YC)
Jeanne Theoharis,Julian Bond,2,collaborated_with; influenced_by,2,arc_apex; qwen_plus,Intergenerational movement memoirs and the emotional costs of activist commitment,"Theoharis credits her mentor, SNCC’s Julian Bond, for encouraging her || Theoharis credits her mentor, SNCC’s Julian Bond, for encouraging her not to omit the emotional harm that Parks suffered"
Malcolm X,Martin Luther King Jr.,2,associated_with; collaborated_with,2,arc_apex; arc_lite,JAS - MLK teaching UK schools,King and Malcolm as individuals whose ideas and activism evolved and occasionally overlapped obscures their shared understanding || from King to Malcolm X || The refusal to view King and Malcolm as individuals whose ideas and activism evolved and occasionally overlapped obscures their shared understanding
Martin Luther King Jr.,Montgomery,2,associated_with; located_in,2,arc_apex; qwen_plus,JAS - MLK teaching UK schools,"In Montgomery, as in many campaigns during the late 1950s and early 1960s, King's image of respectability was consciously crafted || In Montgomery, as in many campaigns during the late 1950s and early 1960s, King’s image of respectability was consciously crafted"
Martin Luther King Jr.,Reconstruction,2,associated_with; influenced_by,2,arc_apex; qwen_plus,the-dark-and-sad-days-of-reconstruction-the-politics-of-memory-in-the-civil-rights-era,"""Martin Luther King wants to bring back reconstruction days"" || Martin Luther King Jr., the pre-eminent leader of the civil rights movement, “rarely discussed Reconstruction,” although King did note in a 1957 article that when “Reconstruction ruled,” Black people “had a brief period of eminence and political power.”"
Ruby Doris Smith Robinson,Sojourner Truth,2,associated_with; influenced_by,2,arc_apex; qwen_plus,s41599-024-03182-3,the kinship that Ruby Doris Smith Robinson and other women activists in SNCC felt with the early feminist praxis of Sojourner Truth || the naming of the Motor Fleet reflected the kinship that Ruby Doris Smith Robinson and other women activists in SNCC felt with the early feminist praxis of Sojourner Truth
Sojourner Truth,Sojourner Truth Motor Fleet,2,associated_with; connected_to,2,arc_apex; qwen_plus,s41599-024-03182-3,the naming of the Motor Fleet || SNCC invoked the name of Sojourner Truth when one notes that Black female activist Ruby Doris Smith Robinson established and shrewdly managed the car system
Sojourner Truth,Student Nonviolent Coordinating Committee,2,associated_with; influenced_by,2,arc_apex; qwen_plus,s41599-024-03182-3,"SNCC invoked the name of Sojourner Truth || SNCC’s transport company, the Sojourner Motor Fleet, was named after the prominent 19th century African American freedom fighter Sojourner Truth"
Southern Christian Leadership Conference,Martin Luther King Jr.,2,leader_of; member_of,2,arc_lite; qwen_plus,A fight for racial equality in Florida,"the Southern Christian Leadership Conference under Martin Luther King, Jr || Martin Luther King and 17 others jailed trying to integrate St Augustine restaurant (May 1964)"
Southern Christian Leadership Conference,Tobias Simon,2,associated_with; collaborated_with,2,arc_apex; qwen_plus,A fight for racial equality in Florida,"Simon, who worked pro bono for the SCLC || Simpson nevertheless ruled against the SCLC appeal || In addition to Simon, who worked pro bono for the SCLC || In attracting lawyers like Kunstler and Alvin J. Bronstein to assist Simon, the SCLC campaign contributed noticeably to the education of a judge named Bryan Simpson || Simon told the judge that King himself graciously preferred Harris to simply recant his perjured testimony || Simpson called such conditions nothing less than ‘raw ugliness, studied and cynical brutality’. Accepting the pleas of Kunstler and Simon, the judge ordered bonds for the defendants."
Student Nonviolent Coordinating Committee,WATS Reports,2,associated_with; organised,2,arc_apex; qwen_plus,s41599-024-03182-3,"WATS Reports, which summarized racist incidents and antiracist protests reported by SN || WATS Reports, which summarized racist incidents and antiracist protests reported by SNCC || Forman set up and staffed a WATS line in 1963 as part of the lead up to the 1964 Mississippi Freedom Summer"
